"RB","Species","Season","Ref_area","RefArea_seabed_area","RB_seabedarea","RB_N_Hauls","RB_N_Hooks","Est","CI_lower","CI_upper","RefArea_biomass","RefArea_CPUE","RB_CPUE","sd"
"DC","TOP",2018,"HIMI",134088.22,21535.62,205,2009517,1728.69992373493,1388.16772043315,2169.37323751301,31111,0.216,0.0747295968534907,202.354493327099
"DC","TOP",2019,"HIMI",134088.22,21535.62,282,768229,1597.26286970692,1298.34582309259,2027.35824150865,31111,0.216,0.0690477327403123,186.358316842354
"DC","TOP",2020,"HIMI",134088.22,21535.62,410,376345,1531.84466767898,1239.936875502,1930.82250193509,31111,0.216,0.0662197833678926,176.18657482111
"DC","TOP",2021,"HIMI",134088.22,21535.62,372,477803,1495.13266760228,1204.64631024513,1921.00851073545,31111,0.216,0.0646327682198327,185.399360619487
"DC","TOP",2022,"HIMI",134088.22,21535.62,467,491265,1651.89237814279,1354.15062604062,2114.79970600505,31111,0.216,0.0714093,192.578451644938
"SIR","TOP",2018,"HIMI",134088.22,14939.11,69,565120,746.234060571615,561.095785036162,1104.2882362792,31111,0.216,0.0465029761904762,140.473105754893
"SIR","TOP",2019,"HIMI",134088.22,14939.11,80,65627,883.010472384831,628.747308825317,1197.96789883137,31111,0.216,0.055026455026455,147.725825807562
"SIR","TOP",2020,"HIMI",134088.22,14939.11,126,342202,1541.43786477412,1017.47226711256,2230.33170579854,31111,0.216,0.0960575938731361,303.016448641484
"SIR","TOP",2022,"HIMI",134088.22,14939.11,120,490491,3413.5688431888,2614.11459202885,4605.62164209803,31111,0.216,0.21272294984467,506.874098490495
