"Species","RB","Season","N_recaptures","Total_Catch","RB_N_Hauls","Avail_tags","Est","CI_lower","CI_upper","RB_N_Hooks","sd"
"TOP","DC",2022,1,45.4017781262777,172,125.254817313072,2866.09660151092,1207.40785655523,3203.9250244828,491265,608.274094436156
