"Species","RB","Season","N_recaptures","Total_Catch","RB_N_Hauls","Avail_tags","Est","CI_lower","CI_upper","RB_N_Hooks","sd"
"TOP","DC",2022,1,45.4017781262778,172,125.254817313072,2866.09660151092,1248.44894304436,3204.73744400179,491265,600.70852197958
