"Species","RB","Season","N_recaptures","Total_Catch","RB_N_Hauls","Avail_tags","Est","CI_lower","CI_upper","RB_N_Hooks","sd"
"TOP","DC",2022,1,45.4017781262778,172,125.254817313072,2866.09660151092,1220.63964198812,3197.29715594015,491265,603.120359646104
